lesenie	/site/rentals/lesenie/01.jpg
lesenie	/site/rentals/lesenie/02.jpg
lesenie	/site/rentals/lesenie/03.jpg
lesenie	/site/rentals/lesenie/04.jpg
lesenie	/site/rentals/lesenie/05.jpg
minibager	/site/rentals/minibager/01.jpg
minibager	/site/rentals/minibager/02.jpg
minibager	/site/rentals/minibager/03.jpg
minibager	/site/rentals/minibager/04.jpg
minibager	/site/rentals/minibager/05.jpg
motorvy-zemny-vrtak	/site/rentals/motorvy-zemny-vrtak/01.jpg
motorvy-zemny-vrtak	/site/rentals/motorvy-zemny-vrtak/02.jpg
motorvy-zemny-vrtak	/site/rentals/motorvy-zemny-vrtak/03.jpg
motorvy-zemny-vrtak	/site/rentals/motorvy-zemny-vrtak/04.jpg
privesny-vozik	/site/rentals/privesny-vozik/01.jpg
privesny-vozik	/site/rentals/privesny-vozik/02.jpg
privesny-vozik	/site/rentals/privesny-vozik/03.jpg
privesny-vozik	/site/rentals/privesny-vozik/04.jpg
privesny-vozik	/site/rentals/privesny-vozik/05.webp
privesny-vozik	/site/rentals/privesny-vozik/06.webp
rucne-naradie	/site/rentals/rucne-naradie/01.jpg
rucne-naradie	/site/rentals/rucne-naradie/02.webp
rucne-naradie	/site/rentals/rucne-naradie/03.jpg
rucne-naradie	/site/rentals/rucne-naradie/04.jpg
rucne-naradie	/site/rentals/rucne-naradie/05.jpg
rucne-naradie	/site/rentals/rucne-naradie/06.jpg
rucne-naradie	/site/rentals/rucne-naradie/07.jpg
rucne-naradie	/site/rentals/rucne-naradie/08.webp
rucne-naradie	/site/rentals/rucne-naradie/09.jpg
rucne-naradie	/site/rentals/rucne-naradie/10.jpg
rucne-naradie	/site/rentals/rucne-naradie/11.webp
rucne-naradie	/site/rentals/rucne-naradie/12.webp
rucne-naradie	/site/rentals/rucne-naradie/13.webp
rucne-naradie	/site/rentals/rucne-naradie/14.jpg
rucne-naradie	/site/rentals/rucne-naradie/15.jpg
rucne-naradie	/site/rentals/rucne-naradie/16.jpg
vibracna-doska	/site/rentals/vibracna-doska/01.jpg
vibracna-doska	/site/rentals/vibracna-doska/02.jpg
vibracna-doska	/site/rentals/vibracna-doska/03.jpg
